agent_id,fh_id,policy_number,agent_number,agt_first_name,agt_last_name,agt_address,agt_city,agt_zip,agt_phone,agt_email,agt_status,agt_start_date,agt_end_date,agt_state
1,121212,860000001,1001001,Angela,Flynn,123 A circle,Dallas,75001,4021234567,123@gmail.com,A,1/1/1990,1/1/9999,TX
2,121213,860000002,1001002,Bruce,Lee,123 B circle,Dallas,75001,4021234568,123@gmail.com,A,1/2/1990,1/1/9999,TX
3,121214,860000003,1001003,Charlie,Witt,123 C circle,Dallas,75001,4021234569,123@gmail.com,A,1/3/1990,1/1/9999,TX
4,121215,860000004,1001004,Dale,Earnhart,123 D circle,Dallas,75001,4021234570,123@gmail.com,A,1/4/1990,1/1/9999,TX
5,121216,860000005,1001005,Ed,McIntyre,123 E circle,Dallas,75001,4021234571,123@gmail.com,A,1/5/1990,1/1/9999,TX
6,121217,860000006,1001006,Frank,Wies,123 F circle,Dallas,75001,4021234572,123@gmail.com,A,1/6/1990,1/1/9999,TX
7,121218,860000007,1001007,Greg,Smith,123 G circle,Dallas,75001,4021234573,123@gmail.com,A,1/7/1990,1/1/9999,TX
8,121219,860000008,1001008,Henry,Lower,123 H circle,Dallas,75001,4021234574,123@gmail.com,A,1/8/1990,1/1/9999,TX
9,121220,860000009,1001009,Isabella,Smith,123 I circle,Dallas,75001,4021234575,123@gmail.com,A,1/9/1990,1/1/9999,TX
10,121221,860000010,1001010,Jake,Hoeft,123 J circle,Dallas,75001,4021234576,123@gmail.com,A,1/10/1990,1/1/9999,TX
11,121222,860000011,1001011,Katelyn,Bateman,123 K circle,Dallas,75001,4021234577,123@gmail.com,A,1/11/1990,1/1/9999,TX
12,121223,860000012,1001012,Linda,Carrera,123 L circle,Dallas,75001,4021234578,123@gmail.com,A,1/12/1990,1/1/9999,TX
13,121224,860000013,1001013,Manda,Lynn,123 M circle,Dallas,75001,4021234579,123@gmail.com,A,1/13/1990,1/1/9999,TX
14,121225,860000014,1001014,Nancy,Grothe,123 N circle,Dallas,75001,4021234580,123@gmail.com,A,1/14/1990,1/1/9999,TX
15,121226,860000015,1001015,Otto,Bagby,123 O circle,Dallas,75001,4021234581,123@gmail.com,A,1/15/1990,1/1/9999,TX
16,121227,860000016,1001016,Paul,Callahan,123 P circle,Dallas,75001,4021234582,123@gmail.com,A,1/16/1990,1/1/9999,TX
17,121228,860000017,1001017,Quincy,Adams,123 Q circle,Dallas,75001,4021234583,123@gmail.com,A,1/17/1990,1/1/9999,TX
18,121229,860000018,1001018,Ralph,Rollins,123 R circle,Dallas,75001,4021234584,123@gmail.com,A,1/18/1990,1/1/9999,TX
19,121230,860000019,1001019,Sam,Tank,123 S circle,Atlanta,30303,4021234585,123@gmail.com,A,1/19/1990,1/1/9999,GA
20,121231,860000020,1001020,Tom,Hollins,123 T circle,Atlanta,30303,4021234586,123@gmail.com,A,1/20/1990,1/1/9999,GA
21,121232,860000021,1001021,Ussery,Scott,123 U circle,Atlanta,30303,4021234587,123@gmail.com,A,1/21/1990,1/1/9999,GA
22,121233,860000022,1001022,Victor,Gonzales,123 V circle,Atlanta,30303,4021234588,123@gmail.com,A,1/22/1990,1/1/9999,GA
23,121234,860000023,1001023,Walter,Wayne,123 W circle,Atlanta,30303,4021234589,123@gmail.com,A,1/23/1990,1/1/9999,GA
24,121235,860000024,1001024,Xena,Howard,123 X circle,Atlanta,30303,4021234590,123@gmail.com,A,1/24/1990,1/1/9999,GA
25,121236,860000025,1001025,Yacinda,Crawford,123 Y circle,Atlanta,30303,4021234591,123@gmail.com,A,1/25/1990,1/1/9999,GA
26,121237,860000026,1001026,Zane,Towers,123 Z circle,Atlanta,30303,4021234592,123@gmail.com,A,1/26/1990,1/1/9999,GA
27,121238,860000027,1001027,April,Malone,123 A Lane,Atlanta,30303,4021234593,123@gmail.com,A,1/27/1990,1/1/9999,GA
28,121239,860000028,1001028,Bradley,Cooper,124 A Lane,Atlanta,30303,4021234594,124@gmail.com,A,1/28/1990,1/1/9999,GA
29,121240,860000029,1001029,Chuck,Shannahan,125 A Lane,Atlanta,30303,4021234595,125@gmail.com,A,1/29/1990,1/1/9999,GA
30,121241,860000030,1001030,David,Audet,126 A Lane,Atlanta,30303,4021234596,126@gmail.com,A,1/30/1990,1/1/9999,GA
31,121242,860000031,1001031,Eugene,Lawrence,127 A Lane,Atlanta,30303,4021234597,127@gmail.com,A,1/31/1990,1/1/9999,GA
32,121243,860000032,1001032,Fiona,Applegate,128 A Lane,Atlanta,30303,4021234598,128@gmail.com,A,2/1/1990,1/1/9999,GA
33,121244,860000033,1001033,George,Miller,129 A Lane,Atlanta,30303,4021234599,129@gmail.com,A,2/2/1990,1/1/9999,GA
34,121245,860000034,1001034,Hank,Johnson,130 A Lane,Atlanta,30303,4021234600,130@gmail.com,A,2/3/1990,1/1/9999,GA
35,121246,860000035,1001035,Izzy,Jones,131 A Lane,Atlanta,30303,4021234601,131@gmail.com,A,2/4/1990,1/1/9999,GA
36,121247,860000036,1001036,John,Davis,132 A Lane,Chicago,60606,4021234602,132@gmail.com,E,2/5/1990,1/1/2022,IL
37,121248,860000037,1001037,Keith,Anderson,133 A Lane,Chicago,60606,4021234603,133@gmail.com,E,2/6/1990,1/2/2022,IL
38,121249,860000038,1001038,Laura,Williams,134 A Lane,Chicago,60606,4021234604,134@gmail.com,E,2/7/1990,1/3/2022,IL
39,121250,860000039,1001039,Mike,Thompson,135 A Lane,Chicago,60606,4021234605,135@gmail.com,E,2/8/1990,1/4/2022,IL
40,121251,860000040,1001040,Nina,Taylor,136 A Lane,Chicago,60606,4021234606,136@gmail.com,E,2/9/1990,1/5/2022,IL
41,121252,860000041,1001041,Oliver,Harris,137 A Lane,Chicago,60606,4021234607,137@gmail.com,E,2/10/1990,1/6/2022,IL
42,121253,860000042,1001042,Phillip,Garcia,138 A Lane,Chicago,60606,4021234608,138@gmail.com,E,2/11/1990,1/7/2022,IL
43,121254,860000043,1001043,Que,Lewis,139 A Lane,Chicago,60606,4021234609,139@gmail.com,E,2/12/1990,1/8/2022,IL
44,121255,860000044,1001044,Rusty,Lord,140 A Lane,Chicago,60606,4021234610,140@gmail.com,E,2/13/1990,1/9/2022,IL
45,121256,860000045,1001045,Salena,Parker,141 A Lane,Chicago,60606,4021234611,141@gmail.com,E,2/14/1990,1/10/2022,IL
46,121257,860000046,1001046,Tony,Campbell,142 A Lane,Chicago,60606,4021234612,142@gmail.com,E,2/15/1990,1/11/2022,IL
47,121258,860000047,1001047,Ursula,Martinez,143 A Lane,Chicago,60606,4021234613,143@gmail.com,E,2/16/1990,1/12/2022,IL
48,121259,860000048,1001048,Victoria,Robinson,144 A Lane,Chicago,60606,4021234614,144@gmail.com,E,2/17/1990,1/13/2022,IL
49,121260,860000049,1001049,Winnie,Rodriguez,145 A Lane,Chicago,60606,4021234615,145@gmail.com,E,2/18/1990,1/14/2022,IL
50,,860000050,1001050,Xavier,Toll,146 A Lane,Chicago,60606,4021234616,146@gmail.com,E,2/19/1990,1/15/2022,IL
